<?xml version="1.0" encoding="UTF-8"?>
<project-private xmlns="http://www.netbeans.org/ns/project-private/1">
    <editor-bookmarks xmlns="http://www.netbeans.org/ns/editor-bookmarks/2" lastBookmarkId="0"/>
    <open-files xmlns="http://www.netbeans.org/ns/projectui-open-files/2">
        <group>
            <file>file:/C:/Users/My%20PC/OneDrive/Documents/NetBeansProjects/GameOn%2004_17_2025/src/Administrator.java</file>
            <file>file:/C:/Users/My%20PC/OneDrive/Documents/NetBeansProjects/GameOn%2004_17_2025/src/DeleteQuiz.java</file>
            <file>file:/C:/Users/My%20PC/OneDrive/Documents/NetBeansProjects/GameOn%2004_17_2025/src/Edit_Account.java</file>
            <file>file:/C:/Users/My%20PC/OneDrive/Documents/NetBeansProjects/GameOn%2004_17_2025/src/GameMaster.java</file>
            <file>file:/C:/Users/My%20PC/OneDrive/Documents/NetBeansProjects/GameOn%2004_17_2025/src/QuizData.json</file>
            <file>file:/C:/Users/My%20PC/OneDrive/Documents/NetBeansProjects/GameOn%2004_17_2025/src/UserData.json</file>
            <file>file:/C:/Users/My%20PC/OneDrive/Documents/NetBeansProjects/GameOn%2004_17_2025/src/CreateQuiz_.java</file>
        </group>
    </open-files>
</project-private>
