{
    "Quizzes": [{
            "12": [{
                    "question": "321",
                    "correctanswer": "12",
                    "option#1": "123",
                    "category": "Math",
                    "option#4": "",
                    "option#2": "242",
                    "option#3": "12"
                }, {
                    "question": "321",
                    "correctanswer": "12",
                    "option#1": "123",
                    "category": "Math",
                    "option#4": "",
                    "option#2": "242",
                    "option#3": "12"
                }]
        }, {
            "secssq1": [{
                    "question": "where do you you find your quiz?",
                    "correctanswer": "kill",
                    "option#1": "kill",
                    "category": "Math",
                    "option#4": "None of the above",
                    "option#2": "death",
                    "option#3": "happiness"
                }, {
                    "question": "hello",
                    "correctanswer": "kill",
                    "option#1": "f u",
                    "category": "Math",
                    "option#4": "1232",
                    "option#2": "123",
                    "option#3": "123"
                }]
        }, {
            "2123": [{
                    "question": "12312",
                    "correctanswer": "2311",
                    "option#1": "1231",
                    "category": "Math",
                    "option#4": "124242",
                    "option#2": "2311",
                    "option#3": "1233"
                }]
        }, {
            "": [{
                    "question": "1234",
                    "correctanswer": "1223",
                    "option#1": "123",
                    "category": "Math",
                    "option#4": "1223",
                    "option#2": "23",
                    "option#3": "123"
                }, {
                    "question": "hello",
                    "correctanswer": "2nenjdnjsd",
                    "option#1": "2nenjdnjsd",
                    "category": "Math",
                    "option#4": "1223",
                    "option#2": "rejrrr",
                    "option#3": "123"
                }]
        }, {
            "": [{
                    "question": "2134",
                    "correctanswer": "232",
                    "option#1": "232",
                    "category": "Science",
                    "option#4": "",
                    "option#2": "123",
                    "option#3": "232"
                }, {
                    "question": "2134",
                    "correctanswer": "232",
                    "option#1": "232",
                    "category": "Science",
                    "option#4": "",
                    "option#2": "123",
                    "option#3": "232"
                }]
        }, {
            "123123": [{
                    "question": "123",
                    "correctanswer": "3213",
                    "option#1": "1231",
                    "category": "Math",
                    "option#4": "12312322",
                    "option#2": "3213",
                    "option#3": "123"
                }, {
                    "question": "123",
                    "correctanswer": "12312322",
                    "option#1": "1231",
                    "category": "Math",
                    "option#4": "12312322",
                    "option#2": "3213",
                    "option#3": "123"
                }, {
                    "question": "123",
                    "correctanswer": "3213",
                    "option#1": "1231",
                    "category": "Math",
                    "option#4": "12312322",
                    "option#2": "3213",
                    "option#3": "123"
                }]
        }, {
            "12321": [{
                    "question": "123",
                    "correctanswer": "",
                    "option#1": "2312",
                    "category": "Math",
                    "option#4": "",
                    "option#2": "",
                    "option#3": ""
                }]
        }, {
            "Hello": [{
                    "question": "1234",
                    "correctanswer": "",
                    "option#1": "123231232",
                    "category": "Science",
                    "option#4": "",
                    "option#2": "",
                    "option#3": ""
                }]
        }, {
            "32145": [{
                    "question": "123",
                    "correctanswer": "hello",
                    "option#1": "123",
                    "category": "Math",
                    "option#4": "123",
                    "option#2": "123",
                    "option#3": "hello"
                }, {
                    "question": "123",
                    "correctanswer": "fenefwe",
                    "option#1": "fenefwe",
                    "category": "Math",
                    "option#4": "123",
                    "option#2": "123",
                    "option#3": "hello"
                }]
        }]
}