{
    "Quizzes": [{
            "12": [{
                    "question": "321",
                    "correctanswer": "12",
                    "option#1": "123",
                    "category": "Math",
                    "option#4": "",
                    "option#2": "242",
                    "option#3": "12"
                }, {
                    "question": "321",
                    "correctanswer": "12",
                    "option#1": "123",
                    "category": "Math",
                    "option#4": "",
                    "option#2": "242",
                    "option#3": "12"
                }]
        }, {
            "secssq1": [{
                    "question": "where do you you find your quiz?",
                    "correctanswer": "kill",
                    "option#1": "kill",
                    "category": "Math",
                    "option#4": "None of the above",
                    "option#2": "death",
                    "option#3": "happiness"
                }, {
                    "question": "hello",
                    "correctanswer": "kill",
                    "option#1": "f u",
                    "category": "Math",
                    "option#4": "1232",
                    "option#2": "123",
                    "option#3": "123"
                }]
        }, {
            "2123": [{
                    "question": "12312",
                    "correctanswer": "2311",
                    "option#1": "1231",
                    "category": "Math",
                    "option#4": "124242",
                    "option#2": "2311",
                    "option#3": "1233"
                }]
        }]
}