{
    "Standing": [{
            "category": "Science",
            "quizzesDone": 6,
            "player": "JohnDoe",
            "timestamp": "2025-04-15T14:30:00"
        }, {
            "category": "Science",
            "quizzesDone": 4,
            "player": "JaneSmith",
            "timestamp": "2025-04-15T15:45:00"
        }, {
            "category": "Math",
            "quizzesDone": 7,
            "player": "JaneSmith",
            "timestamp": "2025-04-15T15:45:00"
        }, {
            "category": "Math",
            "quizzesDone": 4,
            "player": "JohnDoe",
            "timestamp": "2025-04-15T15:45:00"
        }, {
            "category": "History",
            "quizzesDone": 9,
            "player": "Neill",
            "timestamp": "2025-04-15T15:45:00"
        }, {
            "category": "English",
            "quizzesDone": 4,
            "player": "JohnDoe",
            "timestamp": "2025-04-16T09:15:00"
        }, {
            "category": "Math",
            "quizzesDone": 1,
            "player": "Enter player name",
            "timestamp": "2025-04-15T10:00:00"
        }, {
            "category": "Science",
            "quizzesDone": 1,
            "player": "ahsdiahd",
            "timestamp": "2025-04-15T10:05:00"
        }, {
            "category": "Math",
            "quizzesDone": 1,
            "player": "Hello",
            "timestamp": "2025-04-15T10:10:00"
        }, {
            "category": "Science",
            "quizzesDone": 1,
            "player": "Neil",
            "timestamp": "2025-04-15T10:15:00"
        }, {
            "category": "English",
            "quizzesDone": 1,
            "player": "jex",
            "timestamp": "2025-04-15T10:20:00"
        }, {
            "category": "Math",
            "quizzesDone": 1,
            "player": "Eduardo II L. Millondaga",
            "timestamp": "2025-04-15T10:25:00"
        }, {
            "category": "English",
            "quizzesDone": 1,
            "player": "Enter player name",
            "timestamp": "2025-04-15T10:30:00"
        }, {
            "category": "Math",
            "quizzesDone": 1,
            "player": "Justin",
            "timestamp": "2025-04-15T10:45:00"
        }],
    "History": [{
            "score": "8\/10",
            "category": "Science",
            "player": "JohnDoe",
            "timestamp": "2025-04-15T14:30:00",
            "status": "pass"
        }, {
            "score": "7\/10",
            "category": "Science",
            "player": "JaneSmith",
            "timestamp": "2025-04-15T15:45:00",
            "status": "pass"
        }, {
            "score": "5\/10",
            "category": "Math",
            "player": "JaneSmith",
            "timestamp": "2025-04-15T15:45:00",
            "status": "pass"
        }, {
            "score": "6\/10",
            "category": "Math",
            "player": "JohnDoe",
            "timestamp": "2025-04-15T15:45:00",
            "status": "pass"
        }, {
            "score": "3\/10",
            "category": "History",
            "player": "Neill",
            "timestamp": "2025-04-15T15:45:00",
            "status": "fail"
        }, {
            "score": "7\/10",
            "category": "English",
            "player": "JohnDoe",
            "timestamp": "2025-04-16T09:15:00",
            "status": "pass"
        }, {
            "score": "3\/10",
            "category": "Math",
            "player": "Enter player name",
            "timestamp": "2025-04-15T10:00:00",
            "status": "fail"
        }, {
            "score": "3\/10",
            "category": "Science",
            "player": "ahsdiahd",
            "timestamp": "2025-04-15T10:05:00",
            "status": "fail"
        }, {
            "score": "3\/10",
            "category": "Math",
            "player": "Hello",
            "timestamp": "2025-04-15T10:10:00",
            "status": "fail"
        }, {
            "score": "3\/10",
            "category": "Science",
            "player": "Neil",
            "timestamp": "2025-04-15T10:15:00",
            "status": "fail"
        }, {
            "score": "3\/10",
            "category": "English",
            "player": "jex",
            "timestamp": "2025-04-15T10:20:00",
            "status": "fail"
        }, {
            "score": "3\/10",
            "category": "Math",
            "player": "Eduardo II L. Millondaga",
            "timestamp": "2025-04-15T10:25:00",
            "status": "fail"
        }, {
            "score": "3\/10",
            "category": "English",
            "player": "Enter player name",
            "timestamp": "2025-04-15T10:30:00",
            "status": "fail"
        }, {
            "score": "3\/10",
            "category": "Math",
            "player": "Enter player name",
            "timestamp": "2025-04-15T10:35:00",
            "status": "fail"
        }, {
            "score": "3\/10",
            "category": "Math",
            "player": "Enter player name",
            "timestamp": "2025-04-15T10:40:00",
            "status": "fail"
        }, {
            "score": "3\/10",
            "category": "Math",
            "player": "Justin",
            "timestamp": "2025-04-15T10:45:00",
            "status": "fail"
        }],
    "Accounts": [{
            "password": "123",
            "type": "Game Master",
            "username": "123",
            "status": "Accessible"
        }, {
            "password": "password2",
            "type": "Player",
            "username": "user2"
        }, {
            "password": "test1",
            "type": "Game Master",
            "username": "test1"
        }, {
            "password": "okoko",
            "type": "Player",
            "username": "huhuh",
            "status": "Disabled"
        }, {
            "password": "test5",
            "type": "Game Master",
            "username": "test5",
            "status": "Disabled"
        }, {
            "password": "test10",
            "type": "Game Master",
            "username": "test10"
        }, {
            "password": "neill",
            "type": "Game Master",
            "username": "Neill"
        }, {
            "password": "1234",
            "type": "Player",
            "username": "1234",
            "status": "Accessible"
        }, {
            "password": "ph",
            "type": "Player",
            "username": "edung",
            "status": "Disabled"
        }],
    "users": [{
            "password": "user1",
            "type": "Game Master",
            "username": "user1",
            "status": "Accessible"
        }, {
            "password": "password2",
            "type": "Player",
            "username": "user2"
        }, {
            "password": "test1",
            "type": "Game Master",
            "username": "test1"
        }, {
            "password": "okoko",
            "type": "Player",
            "username": "huhuh",
            "status": "Disabled"
        }, {
            "password": "test5",
            "type": "Game Master",
            "username": "test5",
            "status": "Disabled"
        }, {
            "password": "test10",
            "type": "Game Master",
            "username": "test10"
        }, {
            "password": "neill",
            "type": "Game Master",
            "username": "Neill"
        }, {
            "password": "james",
            "type": "Player",
            "username": "James"
        }, {
            "password": "ph",
            "type": "Game Master",
            "username": "edu",
            "status": "Accessible"
        }]
}