<?xml version="1.0" encoding="UTF-8"?>
<project-private xmlns="http://www.netbeans.org/ns/project-private/1">
    <editor-bookmarks xmlns="http://www.netbeans.org/ns/editor-bookmarks/2" lastBookmarkId="0"/>
    <open-files xmlns="http://www.netbeans.org/ns/projectui-open-files/2">
        <group>
            <file>file:/C:/Users/Students%20Account/Downloads/Changes/Changes/src/Main/GameOn--main/GameOn--main/src/CategorySelection.java</file>
            <file>file:/C:/Users/Students%20Account/Downloads/Changes/Changes/src/CreateQuiz.java</file>
            <file>file:/C:/Users/Students%20Account/Downloads/Changes/Changes/src/MathQuestion1.java</file>
            <file>file:/C:/Users/Students%20Account/Downloads/Changes/Changes/src/DeleteQuiz.java</file>
            <file>file:/C:/Users/Students%20Account/Downloads/Changes/Changes/src/Main/GameOn--main/GameOn--main/src/Accounts.json</file>
        </group>
    </open-files>
</project-private>
