<?xml version="1.0" encoding="UTF-8"?>
<project-private xmlns="http://www.netbeans.org/ns/project-private/1">
    <editor-bookmarks xmlns="http://www.netbeans.org/ns/editor-bookmarks/2" lastBookmarkId="0"/>
    <open-files xmlns="http://www.netbeans.org/ns/projectui-open-files/2">
        <group>
            <file>file:/C:/Users/My%20PC/OneDrive/Documents/NetBeansProjects/GameOn!/src/Main/UpdateQuiz.java</file>
            <file>file:/C:/Users/My%20PC/OneDrive/Documents/NetBeansProjects/GameOn!/src/Main/QuizMaker.java</file>
            <file>file:/C:/Users/My%20PC/OneDrive/Documents/NetBeansProjects/GameOn!/src/Main/LeaderBoard.java</file>
            <file>file:/C:/Users/My%20PC/OneDrive/Documents/NetBeansProjects/GameOn!/src/Main/Sign_Up.java</file>
            <file>file:/C:/Users/My%20PC/OneDrive/Documents/NetBeansProjects/GameOn!/src/Main/GameMasterUI.java</file>
            <file>file:/C:/Users/My%20PC/OneDrive/Documents/NetBeansProjects/GameOn!/src/Main/Quiz_Game.java</file>
            <file>file:/C:/Users/My%20PC/OneDrive/Documents/NetBeansProjects/GameOn!/src/Main/History.java</file>
        </group>
    </open-files>
</project-private>
